time,x,y,yaw,linear_x,angular_z,min_front_range
1760251270.526343,-1.5339000000181615,-6.615599999318121,1.5700000000000036,0.6,0.0,1.7374603748321533
1760251270.6261096,-1.5340035120698912,-6.5983503270255515,1.5699999999962022,0.6,0.0,1.7374603748321533
1760251270.7263534,-1.5341835332349845,-6.56835086701699,1.5699999999961802,0.6,0.0,1.7169593572616577
1760251270.8262718,-1.5343635543992857,-6.538351407097302,1.5699999999961212,0.6,0.0,1.7169593572616577
1760251270.9260182,-1.5345435755632946,-6.508351947210258,1.569999999996046,0.6,0.0,1.6576900482177734
1760251271.0260918,-1.5347235967271942,-6.478352487335279,1.5699999999959675,0.6,0.0,1.6576900482177734
1760251271.12637,-1.534903617891054,-6.448353027464829,1.5699999999958894,0.6,0.0,1.5945041179656982
1760251271.226092,-1.5350836390548932,-6.418353567596125,1.5699999999958316,0.6,0.0,1.5945041179656982
1760251271.3260922,-1.5352636602187286,-6.388354107728117,1.569999999995814,0.6,0.0,1.5626635551452637
1760251271.426526,-1.5354436813825603,-6.358354647860421,1.569999999995814,0.6,0.0,1.5626635551452637
1760251271.5261052,-1.5356237025463846,-6.328355187992806,1.569999999995814,0.6,0.0,1.4971102476119995
1760251271.6260903,-1.535767719477449,-6.304355620098753,1.5699999999958187,0.6,0.0,1.4971102476119995
1760251271.7261715,-1.53594774064129,-6.274356160231111,1.5699999999958423,0.6,0.0,1.4346075057983398
1760251271.8262887,-1.5361277618051263,-6.244356700363365,1.569999999995898,0.6,0.0,1.4346075057983398
1760251271.926207,-1.5363077829689615,-6.214357240495481,1.5699999999959606,0.6,0.0,1.3868906497955322
1760251272.0261896,-1.5364878041327978,-6.184357780627419,1.5699999999960312,0.6,0.0,1.3868906497955322
1760251272.126226,-1.5366678252966284,-6.154358320759187,1.5699999999961012,0.6,0.0,1.3389430046081543
1760251272.2261147,-1.536847846460471,-6.124358860890777,1.5699999999961731,0.6,0.0,1.3389430046081543
1760251272.3262827,-1.5370278676243072,-6.094359401022228,1.5699999999962295,0.6,0.0,1.268706202507019
1760251272.4261932,-1.5372078887881502,-6.064359941153567,1.5699999999962588,0.6,0.0,1.268706202507019
1760251272.5262876,-1.5373879099519931,-6.034360481284812,1.5699999999962588,0.6,0.0,1.2264831066131592
1760251272.6261091,-1.537567931115843,-6.004361021416107,1.5699999999962584,0.6,0.0,1.2264831066131592
1760251272.7265806,-1.5377479522796866,-5.974361561547415,1.5699999999962577,0.6,0.0,1.1889002323150635
1760251272.8260403,-1.5379279734435314,-5.944362101678826,1.5699999999962477,0.6,0.0,1.1889002323150635
1760251272.9263763,-1.5381079946073744,-5.914362641810357,1.5699999999961853,0.6,0.0,1.141037106513977
1760251273.026055,-1.5382880157712173,-5.884363181942038,1.569999999996108,0.6,0.0,1.141037106513977
1760251273.1261802,-1.53846803693506,-5.854363722073881,1.569999999996033,0.6,0.0,1.1435214281082153
1760251273.2261033,-1.5386480580989026,-5.824364262205913,1.5699999999959608,0.6,0.0,1.1435214281082153
1760251273.3259768,-1.5388280792627282,-5.7943648023381185,1.5699999999958931,0.6,0.0,1.1527236700057983
1760251273.4265141,-1.5390081004265708,-5.764365342470439,1.5699999999958827,0.6,0.0,1.1527236700057983
1760251273.526192,-1.5391521173576366,-5.740365774576372,1.5699999999958831,0.6,0.0,1.1303715705871582
1760251273.6266692,-1.539332138521462,-5.710366314708825,1.5699999999958831,0.6,0.0,1.1303715705871582
1760251273.7260792,-1.5395121596853043,-5.680366854841278,1.5699999999958831,0.6,0.0,1.1416317224502563
1760251273.8265498,-1.5396921808491417,-5.6503673949736575,1.5699999999958865,0.6,0.0,1.1416317224502563
1760251273.9261923,-1.539872202012965,-5.620367935105926,1.5699999999959395,0.6,0.0,1.133426547050476
1760251274.026185,-1.5400522231767897,-5.590368475238059,1.5699999999959977,0.6,0.0,1.133426547050476
1760251274.1264148,-1.5402322443406244,-5.560369015370024,1.5699999999960725,0.6,0.0,1.138277292251587
1760251274.2263803,-1.5404122655044552,-5.530369555501813,1.5699999999961414,0.6,0.0,1.138277292251587
1760251274.3260484,-1.5405922866682977,-5.500370095633435,1.5699999999962189,0.6,0.0,1.1402894258499146
1760251274.4263942,-1.5407723078321343,-5.4703706357649,1.5699999999962744,0.6,0.0,1.1402894258499146
1760251274.526059,-1.540952328995977,-5.440371175896254,1.5699999999962848,0.6,0.0,1.1299437284469604
1760251274.626043,-1.5411323501598195,-5.410371716027504,1.5699999999962848,0.6,0.0,1.1299437284469604
1760251274.7263947,-1.5413123713236694,-5.380372256158795,1.5699999999962797,0.6,0.0,1.1379201412200928
1760251274.8259795,-1.5414923924875132,-5.3503727962900935,1.5699999999962684,0.6,0.0,1.1379201412200928
1760251274.925989,-1.5416724136513575,-5.320373336421488,1.5699999999962402,0.6,0.0,1.1083886623382568
1760251275.025974,-1.5418524348152007,-5.290373876553002,1.5699999999961807,0.6,0.0,1.1083886623382568
1760251275.1259995,-1.5420324559790435,-5.260374416684665,1.569999999996105,0.6,0.0,1.1319174766540527
1760251275.2264209,-1.5422124771428865,-5.230374956816483,1.56999999999603,0.6,0.0,1.1319174766540527
1760251275.3261595,-1.5423564940739605,-5.206375388922071,1.5699999999959675,0.6,0.0,1.129594087600708
1760251275.4260664,-1.5425365152377901,-5.176375929054221,1.5699999999959016,0.6,0.0,1.129594087600708
1760251275.5263412,-1.5427165364016289,-5.146376469186507,1.5699999999958516,0.6,0.0,1.1460744142532349
1760251275.626102,-1.5428965575654663,-5.1163770093188985,1.56999999999585,0.6,0.0,1.1460744142532349
1760251275.7261486,-1.5430765787292884,-5.086377549451352,1.56999999999585,0.6,0.0,1.1288247108459473
1760251275.826131,-1.5432565998931307,-5.056378089583805,1.5699999999958505,0.6,0.0,1.1288247108459473
1760251275.9260583,-1.543436621056971,-5.026378629716196,1.5699999999958771,0.6,0.0,1.127819299697876
1760251276.026143,-1.5436166422207946,-4.996379169848491,1.5699999999959287,0.6,0.0,1.127819299697876
1760251276.126273,-1.5437966633846163,-4.966379709980641,1.5699999999959848,0.6,0.0,1.119433879852295
1760251276.2261012,-1.5439766845484535,-4.936380250112628,1.569999999996058,0.6,0.0,1.119433879852295
1760251276.3263206,-1.5441567057122814,-4.906380790244443,1.569999999996126,0.6,0.0,1.1389176845550537
1760251276.4260283,-1.5443367268761239,-4.8763813303760895,1.569999999996205,0.6,0.0,1.1389176845550537
1760251276.526319,-1.54451674803996,-4.846381870507572,1.5699999999962626,0.6,0.0,1.125231385231018
1760251276.6259956,-1.5446967692038034,-4.816382410638945,1.5699999999962817,0.6,0.0,1.125231385231018
1760251276.7261455,-1.544876790367646,-4.786382950770209,1.5699999999962817,0.6,0.0,1.1290538311004639
1760251276.8260183,-1.5450568115314947,-4.756383490901486,1.5699999999962797,0.6,0.0,1.1290538311004639
1760251276.926047,-1.5452368326953392,-4.726384031032785,1.5699999999962717,0.6,0.0,1.1403934955596924
1760251277.0259743,-1.5454168538591828,-4.696384571164158,1.5699999999962577,0.6,0.0,1.1403934955596924
1760251277.126048,-1.5455608707902577,-4.672385003269346,1.5699999999962133,0.6,0.0,1.1226763725280762
1760251277.2262244,-1.5457408919541016,-4.642385543400956,1.569999999996143,0.6,0.0,1.1226763725280762
1760251277.3260462,-1.5459209131179446,-4.612386083532718,1.5699999999960663,0.6,0.0,1.125796914100647
1760251277.4262047,-1.546100934281787,-4.582386623664657,1.5699999999959895,0.6,0.0,1.125796914100647
1760251277.5262728,-1.5462809554456198,-4.552387163796787,1.569999999995922,0.6,0.0,1.125796914100647
1760251277.6263256,-1.5464609766094553,-4.522387703929046,1.5699999999958831,0.6,0.0,1.1357167959213257
1760251277.7260966,-1.5466409977732958,-4.492388244061427,1.5699999999958831,0.6,0.0,1.1306604146957397
1760251277.826217,-1.546821018937116,-4.4623887841938785,1.5699999999958831,0.6,0.0,1.1306604146957397
1760251277.9263334,-1.5470010401009573,-4.432389324326332,1.5699999999958831,0.6,0.0,1.121817946434021
1760251278.0260894,-1.5471810612647998,-4.402389864458736,1.5699999999958842,0.6,0.0,1.121817946434021
1760251278.1264658,-1.5473610824286246,-4.3723904045910436,1.5699999999959287,0.6,0.0,1.121817946434021
1760251278.2260787,-1.547541103592445,-4.342390944723219,1.5699999999959826,0.6,0.0,1.1330496072769165
1760251278.3262131,-1.5477211247562834,-4.312391484855231,1.5699999999960548,0.6,0.0,1.1330496072769165
1760251278.4261167,-1.5479011459201089,-4.282392024987072,1.569999999996124,0.6,0.0,1.1287662982940674
1760251278.5261104,-1.5480811670839514,-4.252392565118743,1.5699999999962027,0.6,0.0,1.1287662982940674
1760251278.6261857,-1.5482611882477901,-4.222393105250248,1.5699999999962642,0.6,0.0,1.1114513874053955
1760251278.7262785,-1.5484412094116304,-4.192393645381639,1.5699999999962861,0.6,0.0,1.1114513874053955
1760251278.8259854,-1.548621230575473,-4.162394185512915,1.5699999999962861,0.6,0.0,1.115674376487732
1760251278.9263518,-1.5487652475065483,-4.138394617617922,1.569999999996284,0.6,0.0,1.115674376487732
1760251279.026088,-1.5489452686703955,-4.108395157749221,1.5699999999962744,0.6,0.0,1.1223937273025513
1760251279.126444,-1.549125289834238,-4.07839569788056,1.5699999999962648,0.6,0.0,1.1223937273025513
1760251279.2261314,-1.5493053109980817,-4.048396238012005,1.5699999999962322,0.6,0.0,1.112134575843811
1760251279.3261049,-1.549485332161925,-4.018396778143596,1.5699999999961636,0.6,0.0,1.112134575843811
1760251279.4260535,-1.549665353325768,-3.988397318275335,1.569999999996086,0.6,0.0,1.1116937398910522
1760251279.526176,-1.5498453744896106,-3.9583978584072477,1.5699999999960117,0.6,0.0,1.1116937398910522
1760251279.6261623,-1.5500253956534467,-3.928398398539352,1.569999999995944,0.6,0.0,1.111792802810669
1760251279.7261214,-1.550205416817279,-3.8983989386715896,1.5699999999958831,0.6,0.0,1.111792802810669
1760251279.8262343,-1.5503854379811215,-3.868399478803958,1.5699999999958831,0.6,0.0,1.116220235824585
1760251279.9260876,-1.5505654591449431,-3.83840001893639,1.5699999999958831,0.6,0.0,1.116220235824585
1760251280.0260174,-1.5507454803087808,-3.808400559068843,1.5699999999958831,0.6,0.0,1.1164027452468872
1760251280.1261017,-1.550925501472623,-3.7784010992012464,1.5699999999958842,0.6,0.0,1.1164027452468872
1760251280.2261665,-1.5511055226364512,-3.748401639333565,1.5699999999959167,0.6,0.0,1.112663745880127
1760251280.3261368,-1.5512855438002715,-3.718402179465765,1.5699999999959706,0.6,0.0,1.112663745880127
1760251280.4260726,-1.551465564964109,-3.6884027195978017,1.56999999999604,0.6,0.0,1.1075479984283447
1760251280.5261009,-1.5516455861279321,-3.658403259729672,1.5699999999961087,0.6,0.0,1.1075479984283447
1760251280.6259663,-1.5518256072917747,-3.6284037998613714,1.5699999999961871,0.6,0.0,1.134260654449463
1760251280.726114,-1.5520056284556167,-3.5984043399928867,1.569999999996253,0.6,0.0,1.134260654449463
1760251280.8270311,-1.5521856496194533,-3.5684048801242927,1.569999999996284,0.6,0.0,1.1246676445007324
1760251280.926369,-1.5523296665505273,-3.5444053122293346,1.569999999996284,0.6,0.0,1.1246676445007324
1760251281.0261683,-1.5525096877143716,-3.514405852360578,1.5699999999962833,0.6,0.0,1.1131937503814697
1760251281.1261156,-1.5526897088782203,-3.484406392491849,1.5699999999962775,0.6,0.0,1.1131937503814697
1760251281.226121,-1.552869730042063,-3.454406932623178,1.5699999999962684,0.6,0.0,1.1059623956680298
1760251281.3261936,-1.5530497512059074,-3.424407472754611,1.5699999999962304,0.6,0.0,1.1059623956680298
1760251281.4260635,-1.5532297723697512,-3.39440801288618,1.5699999999961665,0.6,0.0,1.1103172302246094
1760251281.5262525,-1.5534097935335949,-3.3644085530178938,1.5699999999960892,0.6,0.0,1.1103172302246094
1760251281.62631,-1.5535898146974374,-3.334409093149779,1.5699999999960148,0.6,0.0,1.1184751987457275
1760251281.726065,-1.5537698358612766,-3.3044096332818564,1.569999999995944,0.6,0.0,1.1184751987457275
1760251281.8261085,-1.5539498570251056,-3.27441017341408,1.5699999999958831,0.6,0.0,1.1285386085510254
1760251281.9261258,-1.554129878188948,-3.2444107135464306,1.5699999999958831,0.6,0.0,1.1285386085510254
1760251282.0259826,-1.5543098993527729,-3.2144112536788563,1.5699999999958831,0.6,0.0,1.1346863508224487
1760251282.126053,-1.5544899205166076,-3.1844117938113095,1.5699999999958831,0.6,0.0,1.1346863508224487
1760251282.2261167,-1.55466994168045,-3.1544123339437253,1.5699999999958842,0.6,0.0,1.1072393655776978
1760251282.3260117,-1.554849962844281,-3.1244128740760564,1.5699999999959087,0.5873378753854006,0.0,1.1072393655776978
1760251282.4259677,-1.5550262988987793,-3.0950275158356684,1.569999999996064,0.572650488443294,0.0,1.113003134727478
1760251282.526078,-1.5551638393125047,-3.072107221168367,1.5699999999962273,0.5611946709046559,0.0,1.113003134727478
1760251282.6260924,-1.5553329393121325,-3.043927708580908,1.5699999999963676,0.5471104983034206,0.0,1.119162917137146
1760251282.7261796,-1.555497936911998,-3.0164318365978247,1.569999999996526,0.5333683077611984,0.0,1.119162917137146
1760251282.8261123,-1.55565879084858,-2.989626481539886,1.5699999999966796,0.5199715364005069,0.0,1.10751211643219
1760251282.9261403,-1.5558155643585245,-2.9635011053945113,1.5699999999967973,0.5069149174168791,0.0,1.10751211643219
1760251283.026151,-1.555968244333356,-2.9380578926114276,1.5699999999969023,0.4941995419022291,0.0,1.106756329536438
1760251283.1261125,-1.5561170938892053,-2.9132529964468907,1.5699999999969831,0.48180349670719785,0.0,1.106756329536438
1760251283.2261043,-1.5562621354376271,-2.8890826821482687,1.5699999999970613,0.4697249151547453,0.0,1.0977771282196045
1760251283.3260674,-1.5564035043629396,-2.8655243887214077,1.5699999999971364,0.45795252248086565,0.0,1.0977771282196045
1760251283.4262998,-1.5565412594883943,-2.8425683136201054,1.5699999999972098,0.44648141980766376,0.0,1.1022696495056152
1760251283.5261297,-1.5566755638386138,-2.820187289757317,1.569999999997281,0.4352980315144134,0.0,1.1022696495056152
1760251283.6260767,-1.5568064705912659,-2.7983724553893334,1.569999999997351,0.42439792940378696,0.0,1.1176847219467163
1760251283.7261262,-1.556934066574983,-2.7771093410402408,1.5699999999974226,0.4137738832920364,0.0,1.1176847219467163
1760251283.8261101,-1.557058404592183,-2.75638914749957,1.5699999999974625,0.4034214962245311,0.0,1.0990740060806274
1760251283.9260013,-1.5571796316376167,-2.7361873789629754,1.5699999999974992,0.3933285291002388,0.0,1.0990740060806274
1760251284.0260255,-1.557297795484291,-2.7164960743425897,1.569999999997558,0.38349100433416394,0.0,1.0974408388137817
1760251284.1259599,-1.5574129743783642,-2.6973021943800326,1.5699999999976242,0.3739024073503275,0.0,1.0974408388137817
1760251284.2263556,-1.557525244598422,-2.6785930277006407,1.569999999997693,0.364556387649493,0.0,1.0921674966812134
1760251284.3262587,-1.5576127764616388,-2.6640063615499843,1.5699999999977623,0.35727004833800696,0.0,1.0921674966812134
1760251284.4262028,-1.5577204073111657,-2.646070318469102,1.5699999999978176,0.34831103529574475,0.0,1.1093617677688599
1760251284.5261874,-1.5578254505132838,-2.628565491491103,1.5699999999978853,0.33956788052568715,0.0,1.1093617677688599
1760251284.626188,-1.5579278312749683,-2.611504344429692,1.5699999999979521,0.3310468099299099,0.0,1.1096395254135132
1760251284.7260964,-1.5580275916221495,-2.5948798739124377,1.569999999998019,0.3227443251512951,0.0,1.1096395254135132
1760251284.8262658,-1.5581248248714372,-2.578676529279855,1.5699999999980838,0.31465265938865555,0.0,1.1171523332595825
1760251284.926066,-1.5582195959371874,-2.5628834929388455,1.5699999999981478,0.30676641012005296,0.0,1.1171523332595825
1760251285.0261197,-1.5583119679435915,-2.5474902456172788,1.5699999999982097,0.2990803241341008,0.0,1.1044307947158813
1760251285.1261053,-1.558402002384239,-2.5324865397730085,1.5699999999982692,0.2915892842493389,0.0,1.1044307947158813
1760251285.2262626,-1.5584897366894421,-2.5178661378667244,1.5699999999983283,0.28429017553914143,0.0,1.105285882949829
1760251285.3261805,-1.5585752746700625,-2.503611740432947,1.5699999999983847,0.27717436094797193,0.0,1.105285882949829
1760251285.4263074,-1.5586586502559059,-2.4897176932708156,1.5699999999984393,0.2702390176603207,0.0,1.1080759763717651
1760251285.5262074,-1.5587399395793289,-2.476171309375044,1.5699999999984924,0.26347781260310704,0.0,1.1080759763717651
1760251285.6262858,-1.5588191747919546,-2.4629672308675943,1.5699999999985432,0.256888071336359,0.0,1.096981167793274
1760251285.726006,-1.5588963886765692,-2.450099994691885,1.5699999999985925,0.2504670666821144,0.0,1.096981167793274
1760251285.8261158,-1.5589716532241045,-2.437557603985327,1.56999999999864,0.24420881121207053,0.0,1.097177267074585
1760251285.926,-1.5590450183674203,-2.4253317377331847,1.5699999999986851,0.2381091524849543,0.0,1.097177267074585
1760251286.0261571,-1.5591165327175782,-2.413414295189987,1.5699999999987289,0.23216404839247093,0.0,1.0906418561935425
1760251286.1260898,-1.5591722943163537,-2.4041219552883017,1.5699999999987708,0.227528994323004,0.0,1.0906418561935425
1760251286.2260695,-1.5592408530838457,-2.3926970430766428,1.5699999999988035,0.22183084740285444,0.0,1.0997158288955688
1760251286.3260918,-1.5593077520927294,-2.381548719799087,1.569999999998843,0.21627138154004555,0.0,1.0997158288955688
1760251286.426058,-1.5593729747438898,-2.3706797515995595,1.5699999999988807,0.2108519771375006,0.0,1.0881258249282837
1760251286.526091,-1.5594365467177445,-2.360085858988305,1.5699999999989172,0.20557050008746516,0.0,1.0881258249282837
1760251286.6260169,-1.559498494506794,-2.349762627147198,1.5699999999989545,0.2004247484979069,0.0,1.0859202146530151
1760251286.726311,-1.5595588605878832,-2.339702977561681,1.569999999998991,0.19541119271915688,-0.0823992744439712,1.0859202146530151
1760251286.8259869,-1.5594476200630196,-2.3298636318585646,1.567313351476311,0.19050166740487803,-0.08127223272140716,1.1034893989562988
1760251286.9260602,-1.5588868195448307,-2.3203041015666686,1.5639393883555497,0.18571454976691595,-0.07809314958867355,1.1034893989562988
1760251287.0259802,-1.5582258177872668,-2.310990508811268,1.5606816530209386,0.18104615726492115,-0.07470813079811907,1.118796944618225
1760251287.1261892,-1.5575639723270744,-2.3019154519870755,1.5575646498251694,0.17649664155283196,-0.0714277189291825,1.118796944618225
1760251287.7273443,-1.5569035889923986,-2.2930726456553328,1.5545856753194103,0.0,0.0,1.118796944618225
1760251287.7278006,-1.5569035889923986,-2.2930726456553328,1.5545856753194103,0.6,-0.4721678912269995,1.118796944618225
1760251287.8259554,-1.5526736623716362,-2.23208117071494,1.538357745881125,0.6,-0.4607210897858372,1.1641502380371094
1760251287.9264443,-1.5515590892940212,-2.2043525779800386,1.5285440115893734,0.6,-0.45310863784204275,1.1819849014282227
1760251288.026095,-1.5502577466909622,-2.1805003146887794,1.5139360446161698,0.6,-0.43972281189291423,1.1819849014282227
1760251288.1260974,-1.5481811511336336,-2.150574759252907,1.495547451824174,0.6,-0.4227898515009991,1.2389764785766602
1760251288.2261477,-1.5456095944443287,-2.120687968244546,1.4778387172527128,0.6,-0.40651859559071624,1.2389764785766602
1760251288.326174,-1.5425421562674118,-2.090848050231848,1.4608185242521854,0.6,-0.390915767860146,1.2543996572494507
1760251288.4264064,-1.538977983365952,-2.0610632573535805,1.444458591360232,0.6,-0.37594730494076706,1.2543996572494507
1760251288.5261383,-1.5349164308927803,-2.0313419098193988,1.4287379776154552,0.6,-0.3615871345873595,1.1791189908981323
1760251288.6261492,-1.5303572130088097,-2.0016923318510975,1.4136182573861318,0.6,-0.3477899133253788,1.1791189908981323
1760251288.726324,-1.5253005128166817,-1.9721227693888073,1.3990814659229034,0.6,-0.33453280561085197,1.113756537437439
1760251288.8261955,-1.5197470716005028,-1.9426413251878876,1.385104553785781,0.6,-0.32178741675655825,1.113756537437439
1760251288.9262497,-1.5136982256972427,-1.9132558963473147,1.3716656501321265,0.6,-0.30952670271172394,1.0452144145965576
1760251289.0262337,-1.5071558990563378,-1.883974128442944,1.3587389543924868,0.6,-0.29771935773267744,1.0452144145965576
1760251289.126485,-1.500122542793889,-1.8548033748222443,1.3463103616042111,0.6,0.0,1.0015367269515991
1760251289.226159,-1.493274941699343,-1.8255942141260832,1.3431687838174988,0.6,0.0,1.0015367269515991
1760251289.3262818,-1.4867037415243223,-1.7963227377666955,1.3431687838174462,0.6,0.0,0.9588390588760376
1760251289.426142,-1.4801325413484376,-1.7670512614073492,1.3431687838173905,0.6,-0.29037585843997304,0.9588390588760376
1760251289.5261726,-1.4733489613451676,-1.7378368178052077,1.3344673070291433,0.6,0.0,0.9531022310256958
1760251289.6260529,-1.4663895703889533,-1.7086555341185723,1.3321719364518183,0.6,0.0,0.9531022310256958
1760251289.7260623,-1.459496880068124,-1.679458088679398,1.3321719364518105,0.6,0.0,0.919102132320404
1760251289.8260283,-1.45260418974741,-1.650260643240138,1.33217193645181,0.6,-0.2885817545974207,0.919102132320404
1760251289.9260721,-1.4469455783050988,-1.62694524356744,1.325425827678053,0.6,0.0,0.9021927118301392
1760251290.0261629,-1.4396535607730638,-1.5978455733486405,1.3212361675614748,0.6,0.0,0.9021927118301392
1760251290.1263025,-1.4324419924486913,-1.5687252491345773,1.3212361675615028,0.6,0.0,0.8455716967582703
1760251290.2262843,-1.4252304241245264,-1.5396049249205968,1.3212361675615527,0.6,0.0,0.8455716967582703
1760251290.3263361,-1.4180188558004678,-1.5104846007067574,1.3212361675616213,0.6,-0.2893768900580288,0.8571519255638123
1760251290.426065,-1.4106383153639894,-1.4814149393895089,1.313756742840231,0.6,0.0,0.8571519255638123
1760251290.526137,-1.4030297331845227,-1.4523963195263139,1.310272516578017,0.6,0.0,0.8222788572311401
1760251290.6261554,-1.3954993396020023,-1.4233568089850919,1.3102725165780897,0.6,0.0,0.8222788572311401
1760251290.7262797,-1.3879689460196782,-1.3943172984439622,1.3102725165781388,0.6,-0.2884566282324925,0.7893243432044983
1760251290.8261745,-1.3802472605619232,-1.3653365118061775,1.3022091425906321,0.6,0.0,0.7893243432044983
1760251290.9262002,-1.3723197850962323,-1.336403301652203,1.2992209181592023,0.6,0.0,0.7563372850418091
1760251291.0260253,-1.3644689249062611,-1.3074487856962433,1.2992209181592023,0.6,0.0,0.7563372850418091
1760251291.126099,-1.3566180647164208,-1.2784942697401953,1.2992209181591856,0.6,0.0,0.7439121007919312
1760251291.2260134,-1.3487672045266033,-1.2495397537840245,1.2992209181591343,0.6,-0.2908563719903152,0.7439121007919312
1760251291.3261912,-1.3407045141908909,-1.2206522112427427,1.2905094228734895,0.6,0.0,0.7300527095794678
1760251291.4260275,-1.3324625155051042,-1.1918069478283497,1.2880863758387928,0.6,0.0,0.7300527095794678
1760251291.526127,-1.3242897533553684,-1.1629416406439657,1.288086375838702,0.6,0.0,0.6814641356468201
1760251291.6259987,-1.3161169912057331,-1.1340763334593862,1.2880863758386174,0.6,0.9882168632957598,0.6814641356468201
1760251291.7267456,-1.308156986624541,-1.1051086048605128,1.3008933654853905,0.6,0.9440861821524194,0.6775889992713928
1760251291.826058,-1.30212106906183,-1.0818174123976332,1.3291571247980776,0.6,0.9101610104945534,0.6775889992713928
1760251291.926348,-1.2950214365652153,-1.052653383217281,1.3672677561246922,0.6,-0.38785246325594314,0.700511634349823
1760251292.0260468,-1.2889831856646274,-1.0232781260196582,1.3670514118756747,0.6,-0.39188827492314815,0.700511634349823
1760251292.1260567,-1.2827267009774213,-0.9939410387095831,1.3507921484728047,0.6,0.8633521857165203,0.6970608234405518
1760251292.226096,-1.2761923597454286,-0.9646538400449768,1.3478303902034292,0.6,0.8623484528416316,0.6970608234405518
1760251292.326348,-1.270101524198824,-0.9352023866258481,1.3732866171609217,0.6,0.7893350200976337,0.6720073819160461
1760251292.4260585,-1.2645077904581004,-0.905718973114859,1.4065485792624715,0.6,0.7479093793446019,0.6720073819160461
1760251292.5265274,-1.259402847523596,-0.8761373770287824,1.4378746271170468,0.6,-0.4928679475350313,0.7280731201171875
1760251292.6261654,-1.2553883232892686,-0.8464245575538644,1.4331174676981644,0.6,-0.4933237338890082,0.7280731201171875
1760251292.726194,-1.2510697842302891,-0.8167413131049971,1.4126160240043522,0.6,-0.47646529524083614,0.7239471673965454
1760251292.8261309,-1.2462546900906704,-0.7871346262528243,1.3927330639554374,0.6,-0.46020915906745796,0.7239471673965454
1760251292.9260247,-1.240943208327942,-0.7576127004840678,1.3735422708296892,0.6,0.6839228806498556,0.6660902500152588
1760251293.026079,-1.2352280127778712,-0.7281541682551449,1.3706159672373983,0.6,0.6816507825888792,0.6660902500152588
1760251293.12612,-1.2298431542026333,-0.6985975374905842,1.3943076091485291,0.6,0.6157060668246952,0.6391851305961609
1760251293.2260716,-1.2249614979233416,-0.6689917642251191,1.4200623268517827,0.6,0.5812649243838901,0.6391851305961609
1760251293.326014,-1.2205775076052452,-0.6393059122428885,1.4443070118701684,0.6,0.5369020638313801,0.675523042678833
1760251293.4261458,-1.2166913503596337,-0.6095476097510204,1.4667141583000047,0.6,0.5054216965677005,0.675523042678833
1760251293.5259712,-1.2133026511254015,-0.5797252462092478,1.487773037565607,0.6,-0.6081639936162332,0.7202723026275635
1760251293.626161,-1.2107801768751976,-0.549859468640631,1.4760685105287428,0.6,-0.6030153500711699,0.7202723026275635
1760251293.7262795,-1.2077970248365144,-0.5200134413606885,1.4510014271643992,0.6,-0.5831571089526366,0.719587504863739
1760251293.8262575,-1.2050550843140786,-0.4961738424906402,1.4315991234256937,0.6,-0.5679638438868576,0.719587504863739
1760251293.9262931,-1.2011851306953252,-0.4664262349147987,1.4078647036168697,0.6,0.44847393355866483,0.6404277682304382
1760251294.0262215,-1.1967126121053442,-0.4367585259982788,1.3979274756205935,0.6,0.4518310801954615,0.6404277682304382
1760251294.1262755,-1.1921035868137866,-0.40709446286308604,1.4141120890926058,0.6,0.39158535713536924,0.6040949821472168
1760251294.2260518,-1.1879850066819613,-0.37737528522246355,1.430737837503629,0.6,0.36518210195289913,0.6040949821472168
1760251294.3260474,-1.1843561386758181,-0.347592536278385,1.446058296474817,0.6,0.3218627001533916,0.6391177773475647
1760251294.4264095,-1.1812188884133317,-0.3177540127986514,1.459651678060632,0.6,0.2979356381087688,0.6391177773475647
1760251294.5260284,-1.1785751415080366,-0.2878670723781698,1.472153864285506,0.6,0.25192411914747403,0.6516816020011902
1760251294.6262178,-1.1764272888651444,-0.25793890906180006,1.482815585217244,0.6,0.2303246282747562,0.6516816020011902
1760251294.7260432,-1.1747773187742665,-0.22797581751761303,1.492478107657117,0.6,0.1787310771885844,0.6902004480361938
1760251294.8261542,-1.1736275610420859,-0.19798363129792595,1.5000780370212483,0.6,0.15956582156936694,0.6902004480361938
1760251294.9260595,-1.1729794947180532,-0.16796669069392858,1.5067735795081751,0.6,-0.7509343801156715,0.701896607875824
1760251295.0261478,-1.1711475091609846,-0.13805052472595866,1.4956614255548626,0.6,-0.7497241366052215,0.701896607875824
1760251295.1260438,-1.1687349294993525,-0.1081661852480506,1.4652227983077766,0.6,-0.7272668292077867,1.8752235174179077
1760251295.2259862,-1.1658184079178955,-0.0783104504892109,1.4349615589860076,0.6,-0.7050555359171314,1.8752235174179077
1760251295.3260374,-1.1631229752147976,-0.054457552429702495,1.41149400029109,0.6,0.0945673146210455,0.5970314145088196
1760251295.4264092,-1.159149216438571,-0.02471162286851556,1.3952655769136577,0.6,0.10132579234839201,0.5970314145088196
1760251295.5260675,-1.1544246256869102,0.004916344087335912,1.399378952567413,0.6,-0.6969180431265098,1.760035753250122
1760251295.6261885,-1.1494753422667114,0.034483750062710795,1.3917047334109272,0.6,-0.6996661075823178,1.760035753250122
1760251295.726158,-1.1439553550907566,0.06395119578463183,1.3637125927545428,0.6,-0.680080463830968,1.7051433324813843
1760251295.8263505,-1.1379434710133476,0.0933391096938691,1.3352962396844101,0.6,-0.6600931237968513,1.7051433324813843
1760251295.926049,-1.131443984477377,0.1226296380004822,1.3077157507663801,0.6,-0.6410899034411933,1.6435781717300415
1760251296.0264297,-1.124458780540956,0.15181793126717982,1.2809482472107543,0.6,-0.6230505252294185,1.6435781717300415
1760251296.125953,-1.1169895142882655,0.18089839171651947,1.2549369196464368,0.6,-0.6059171966312275,1.5910032987594604
1760251296.2262979,-1.1090375949392155,0.20986471429524448,1.2296579679926227,0.6,-0.5896682364846308,1.5910032987594604
1760251296.3260088,-1.10060423165661,0.2387099509989989,1.2050662674835948,0.6,-0.5742583410044584,1.5300521850585938
1760251296.426327,-1.0916904953154998,0.2674265775849426,1.1811259831835563,0.6,-0.5596523052656548,1.5300521850585938
1760251296.526024,-1.0822974160425884,0.29600657917719325,1.1577967753589067,0.6,-0.5458099255418739,1.4825317859649658
1760251296.6263344,-1.076502224822575,0.32221363444119155,1.1371488387814677,0.6,-0.5355182385957076,1.4825317859649658
1760251296.726064,-1.0754101126989868,0.3426767521162712,1.1435733102098218,0.6,-0.554023058970925,1.4825317859649658
1760251296.826124,-1.0730709808646206,0.3630606444917599,1.1568381140547903,0.6,-0.5796636699775184,1.4332754611968994
1760251296.9262033,-1.0708357593301538,0.38334311590290787,1.1698485004258288,0.6,-0.6052160661146357,1.4332754611968994
1760251297.0259182,-1.0691476175756043,0.40403569523349114,1.1781261270900023,0.6,-0.6262602695533556,1.384217381477356
1760251297.126029,-1.0680106092233257,0.4248752791313188,1.184578717040679,0.6,-0.6458425110240786,1.384217381477356
1760251297.2267616,-1.065834571422039,0.4452639623901325,1.196625669279031,0.6,-0.6710706853652603,1.3527013063430786
1760251297.326305,-1.062336640099395,0.4629814783884449,1.1977781643082828,0.6,-0.6822473285826867,1.3527013063430786
1760251297.4262283,-1.054885672793793,0.490676292114764,1.177933975036864,0.6,-0.6754327685797366,1.3031789064407349
1760251297.5261755,-1.0441083949475425,0.5174308925210358,1.1775773895035169,0.6,-0.6884868790702023,1.3031789064407349
1760251297.626294,-1.032782810654405,0.5452978330577662,1.1775310398754757,0.6,-0.7028892034794049,1.255866289138794
1760251297.7261724,-1.0222122964924947,0.5744138470410166,1.1707396457253354,0.6,-0.7116000377478832,1.255866289138794
1760251297.8262825,-1.0134585476517721,0.6042040842504125,1.1480551827409768,0.6,-0.7046546096400208,1.201208472251892
1760251297.926254,-1.0051617940713524,0.6333993903409801,1.1187275568723112,0.6,-0.6907566658897486,1.201208472251892
1760251298.0261753,-0.9963537077712554,0.6625065082279069,1.0899412687366306,0.6,-0.6777946536115221,1.140205979347229
1760251298.1260624,-0.9870331680748687,0.691517361209628,1.0617045510169143,0.6,-0.665795756901539,1.140205979347229
1760251298.2260468,-0.9770762647430628,0.7203526967761147,1.0339767303581606,0.6,-0.6546297765742995,1.096745252609253
1760251298.3261437,-0.9662591180624549,0.748860305199079,1.0067217933810495,0.6,-0.644072499501426,1.096745252609253
1760251298.4260416,-0.9545998228153232,0.7770167800393682,0.9799128169194354,0.5896418908151255,-0.6341051821322499,1.047712802886963
1760251298.526132,-0.9423753639945137,0.8044091952364948,0.9535327401467959,0.5787331575296347,-0.6244693911922868,1.047712802886963
1760251298.6262796,-0.9296864058317091,0.8309762975843152,0.9275610135514233,0.567942705702424,-0.6151134871272492,0.9982945919036865
1760251298.7261634,-0.9165815059710595,0.8567237982608314,0.9019828633946192,0.5572776452227952,-0.6060277102493522,0.9982945919036865
1760251298.8261268,-0.9031015554844358,0.8816596561626054,0.8767867640054215,0.5467418554413643,-0.5972044058877132,0.9481115341186523
1760251298.9260476,-0.8892853591433068,0.905793104616045,0.8519615397383461,0.5363387204663862,-0.5886361677503011,0.9481115341186523
1760251299.0259597,-0.8751696673532231,0.9291344503983305,0.8274963351271292,0.5260711572820109,-0.580315749682144,0.9186884760856628
1760251299.126105,-0.8637004683836336,0.9472080237874498,0.8082044767278824,0.5179690536606176,-0.5738313526616564,0.9186884760856628
1760251299.2263212,-0.8491043490628892,0.969221699339399,0.7843092852759268,0.5079286894984637,-0.5659455876780667,0.8834360837936401
1760251299.3261342,-0.8342734263476871,0.990477687594957,0.7607385909296527,0.49801722488992994,-0.5582782037841277,0.8834360837936401
1760251299.4262538,-0.8192632009395874,1.0109826737466934,0.7374915316738936,0.48824931141330985,-0.550833162407265,0.8493834137916565
1760251299.5261202,-0.8041028769106141,1.0307443638666274,0.7145628477798054,0.47862723123174583,-0.5436018609541943,0.8493834137916565
1760251299.626074,-0.7888164120174277,1.049781290922385,0.6919403578686377,0.4691499643705981,-0.5365782753022473,0.8356776237487793
1760251299.7261574,-0.7734264950523738,1.0681123979325446,0.6696123284314068,0.45981647961635647,-0.5297574274444522,0.8356776237487793
1760251299.8260589,-0.7579637202094365,1.0857459709365385,0.6475760780917323,0.45063118897011933,-0.5231335520669578,0.8099420070648193
1760251299.9260552,-0.7424449814318778,1.1027056489066753,0.625817644465932,0.4415908696032467,-0.5167034090348442,0.8099420070648193
1760251300.026148,-0.7268951137798528,1.119004367049208,0.6043316175775805,0.4326976944741414,-0.5104622610436185,0.8030210137367249
1760251300.1261358,-0.711334478408604,1.1346589396800515,0.5831098948087685,0.42395177896442676,-0.5044060777140813,0.8030210137367249
1760251300.2260432,-0.6957820953497476,1.1496863269373836,0.5621445530528999,0.41535305119328325,-0.49853107429488874,0.7854116559028625
1760251300.326341,-0.6802557119972542,1.164103578004639,0.5414278311396853,0.40690127355904016,-0.4928336991966197,0.7854116559028625
1760251300.4260206,-0.6647718299067849,1.1779278061404286,0.5209522661603793,0.3985960420224715,-0.48731082177741847,0.7791544795036316
1760251300.5261168,-0.6493393964085231,1.1911638687640047,0.5007084084700077,0.39043400931159306,-0.4819394142132027,0.7791544795036316
1760251300.6260512,-0.6339691725719335,1.2038123571490063,0.48069183964846135,0.38241287966521076,-0.4766952111641872,0.7765394449234009
1760251300.7260966,-0.6186646649801325,1.2158775832814928,0.4608948491740555,0.37452659170550073,-0.47155394331271333,0.7765394449234009
1760251300.826112,-0.6034334230355851,1.2273619416766322,0.4413130396084675,0.36677115022309226,-0.46649171876277523,0.7793503999710083
1760251300.926274,-0.5882832618000463,1.2382679020324536,0.4219430224522566,0.35914267511167586,-0.4614847443402759,0.7793503999710083
1760251301.0261009,-0.5762537474640413,1.2465675887874748,0.40661850820888956,0.35314214171827585,-0.4575091747510946,0.7917450666427612
1760251301.126165,-0.5612131251578877,1.2564611223833202,0.3875814596155939,0.34570455339084427,-0.45253096679132526,0.7917450666427612
1760251301.2261522,-0.5462654002292808,1.2657882625262216,0.36875451199534603,0.33837845898911423,-0.4475563292830557,0.7818731069564819
1760251301.3263903,-0.5314295604668288,1.274547897321178,0.35013359767336993,0.3311656008210458,-0.4425501733740066,0.7818731069564819
1760251301.4261038,-0.5167213333226346,1.2827407799452426,0.33172385993917325,0.32406606473253796,-0.43748792610345316,0.8017970323562622
1760251301.5263798,-0.5021459576485714,1.290371384703837,0.31352540204509055,0.31707482877406534,-0.4323446053791575,0.8017970323562622
1760251301.62606,-0.4877122476686164,1.2974431248130205,0.2955416241429813,0.3101887060758734,-0.4270951131413306,0.814132809638977
1760251301.726295,-0.47343245698597647,1.303958562952485,0.2777790381870747,0.303406257318088,-0.42171364333716244,0.814132809638977
1760251301.826059,-0.45931211674068007,1.3099221821517755,0.26024093576554236,0.2967228852373233,-0.4161732467244888,0.8311744332313538
1760251301.9263444,-0.44535695096062006,1.315338345549879,0.2429316086134591,0.2901342307143774,-0.4104460468810192,0.8311744332313538
1760251302.026037,-0.4315760930016843,1.3202105802037134,0.22585868141583235,0.28363772906987034,-0.4045033295851929,0.8635236024856567
1760251302.1261854,-0.41798503157954375,1.3245411485826295,0.2090358966266402,0.27723401695990696,-0.3983160273771877,0.8635236024856567
1760251302.226295,-0.4045893809690885,1.3283343554586655,0.19247107961951948,0.2709191598056564,-0.3918520702180692,0.8661099672317505
1760251302.3262923,-0.3913979629790311,1.331593841125683,0.17617581897113405,0.26469098375787187,-0.38507836804657064,0.8661099672317505
1760251302.4259806,-0.3784164120161319,1.3343237028127344,0.16016035992344937,0.2585460350303511,-0.3779591482881387,0.8991513252258301
1760251302.5261602,-0.3656625979176133,1.3365262539249054,0.14444789220874368,0.25248699405673003,-0.37046071622327736,0.8991513252258301
1760251302.6259856,-0.35313865521337967,1.3382059328296378,0.1290487403384853,0.24650931290943773,-0.3625415660604899,0.9493950009346008
1760251302.725992,-0.3408528275801695,1.3393663075126347,0.11398064438992499,0.24061174550971962,-0.35416004191190936,0.9493950009346008
1760251302.826208,-0.32881313385832583,1.3400109193843097,0.09926311195142597,0.23479335371608845,-0.34527177022475786,0.9652931094169617
1760251302.9263904,-0.31938613928192583,1.3401565019947774,0.08778759588224394,0.2302060094081735,-0.3377853543791276,0.9652931094169617
1760251303.0260937,-0.30776147094058026,1.3398840149806008,0.07368773990606456,0.22450608114742984,-0.32781906816784734,1.0224597454071045
1760251303.1263576,-0.29639540616223536,1.3391059654200996,0.05999125492052344,0.21888069511614522,-0.31720022006520143,1.0224597454071045
1760251303.2260525,-0.2853051283319931,1.337825289708639,0.04673462045326317,0.21333549688544123,-0.30587492450855536,1.007025122642517
1760251303.326225,-0.2744995735280195,1.3360453305811988,0.033951997334115726,0.20787292422944445,-0.29378495127725973,1.007025122642517
1760251303.4261281,-0.2639862205290058,1.3339708661206169,0.021661820626977562,0.20251892852656347,0.0,0.993152379989624
1760251303.5262876,-0.25380162913823684,1.3334969105227523,0.017976396089279707,0.19751288743172193,-0.28262243694634415,0.993152379989624
1760251303.6261265,-0.24378957465966908,1.333571077783997,0.01039552438966193,0.19266174550356072,-0.28125415051418834,0.9633205533027649
1760251303.72628,-0.23411769142471348,1.3331587983532933,-0.001292543128135385,0.18792302607656441,-0.27410079491201295,0.9633205533027649
1760251303.8261468,-0.22469231393961372,1.332259002172343,-0.012718107582271748,0.18324734721795696,-0.26592823602752463,0.9449408054351807
1760251303.926131,-0.21552098645698248,1.330874246979303,-0.023803487988632282,0.17863571930486188,-0.25671644093675117,0.9449408054351807
1760251304.5270767,-0.20660494197625523,1.329006760997278,-0.03451154364388318,0.0,0.0,0.9270554184913635
1760251304.5275402,-0.20660494197625523,1.329006760997278,-0.03451154364388318,0.6,-1.2,0.9270554184913635
1760251304.6259627,-0.14976640247673234,1.3139762482364596,-0.09437972992111412,0.6,-1.2,0.8678835034370422
1760251304.7266037,-0.12946179412827047,1.3117789941224334,-0.10444856855568817,0.6,-1.2,0.8678835034370422
1760251304.8260148,-0.11122224625622155,1.3094678013364995,-0.12101066894177616,0.6,-1.2,0.83949214220047
1760251304.9262762,-0.08593653848998777,1.3058385806577077,-0.15238572907739414,0.6,-1.2,0.83949214220047
1760251305.0262065,-0.05790274272917304,1.3013037548407165,-0.19563561203125207,0.6,-1.2,0.7829592227935791
1760251305.1262705,-0.028369711251849727,1.2960004109243666,-0.2454903254842889,0.6,-1.2,0.7829592227935791
1760251305.2260802,0.0011273157641667096,1.290195657491134,-0.29536546023353205,0.6,-1.2,0.7309458255767822
1760251305.326305,0.030606596575442298,1.283879416232788,-0.3452405949880784,0.6,-1.2,0.7309458255767822
1760251305.4261482,0.06008977769647127,1.2770367976474633,-0.3951157297483246,0.6,-1.2,0.6756023168563843
1760251305.5260553,0.0895966724536163,1.269649077758772,-0.444990864513611,0.6,-1.2,0.6756023168563843
1760251305.6261911,0.11914488562793069,1.26169385798333,-0.4948659992825122,0.6,-1.2,0.6756023168563843
1760251305.7263567,0.1487494898739794,1.2531453287197072,-0.5447411340531131,0.6,-1.2,0.6275802850723267
1760251305.8262265,0.17842277242558757,1.2439746149979574,-0.5946162688233677,0.6,-1.2,0.588196337223053
1760251305.9260232,0.2081740582850951,1.2341501705592908,-0.6444914035911973,0.6,-1.2,0.588196337223053
1760251306.0260816,0.2379241602287352,1.2235322228552934,-0.694366540378771,0.6,-1.2,0.588196337223053
1760251306.1264575,0.2671800906658943,1.2115308250918553,-0.7442416790367786,0.0,-1.2,0.5482665300369263
1760251306.2266452,0.2781513015458431,1.205720395101886,-0.7638881684701427,0.0,-1.2,0.5482665300369263
1760251306.32647,0.2835510014424949,1.2025469671660747,-0.7884361877669909,0.0,-1.2,0.5225977301597595
1760251306.426638,0.2865462595706857,1.2010592671718157,-0.8251611346655487,0.0,-1.2,0.5225977301597595
1760251306.5264704,0.2873699940701884,1.2011503245083568,-0.8729889878767488,0.0,-1.2,0.5167133808135986
1760251306.627138,0.28749409648003876,1.201266158683671,-0.9228641226323029,0.0,-1.2,0.5167133808135986
1760251306.726155,0.2873062833430578,1.2011390035839038,-0.9627642304360472,0.6,-1.2,0.5591006875038147
1760251306.8263457,0.29149009857609365,1.1937525624111553,-0.9848516385347165,0.6,-1.2,0.5591006875038147
1760251306.9263268,0.30236932130982225,1.1769743193934676,-0.9931496898477927,0.6,-1.2,0.5887824296951294
1760251307.0261235,0.3143935087372309,1.157557056045837,-1.013258535916886,0.6,-1.2,0.5887824296951294
1760251307.126435,0.3275135222664357,1.1354729474997258,-1.0452272098994448,0.0,-1.2,0.5491281747817993
1760251307.2265291,0.33515160806517535,1.1225576953652263,-1.0561331540733356,0.0,-1.2,0.5491281747817993
1760251307.326163,0.3389519621691524,1.1148466199966973,-1.070324737130765,0.6,-1.2,0.5637874007225037
1760251307.4260638,0.3438778152563728,1.1041502028259942,-1.0833824279506783,0.6,-1.2,0.5637874007225037
1760251307.5260758,0.35312303031007247,1.0861935604700936,-1.0925121327228025,0.6,-1.2,0.5765017867088318
1760251307.6261997,0.3632494690360066,1.065496425527544,-1.113465022418546,0.6,-1.2,0.5765017867088318
1760251307.7261307,0.3742020692739359,1.04203458395137,-1.1462880901040178,0.6,-1.2,0.5689420700073242
1760251307.8261487,0.3858918962641992,1.0157757479696339,-1.1909705115458462,0.6,-1.2,0.5689420700073242
1760251307.9260256,0.3976230812697874,0.9881486649169222,-1.2408456463075312,0.6,-1.1479420833152456,0.5808221697807312
1760251308.0262291,0.4089070545358021,0.9602776325194348,-1.2887544084324247,0.6,-1.0981715554329567,0.5808221697807312
1760251308.125969,0.41974318639114705,0.9321455093424417,-1.334562570689504,0.6,0.0,0.6485872268676758
1760251308.2260401,0.42967357392899364,0.9036581371485111,-1.3604506997368575,0.6,0.0,0.6485872268676758
1760251308.3262029,0.43489908711521313,0.8802339075993512,-1.3607657565953757,0.6,0.0,0.6770473122596741
1760251308.426417,0.44135306602399327,0.8509363623664737,-1.3607657565953248,0.6,0.0,0.6770473122596741
1760251308.5263305,0.44780704493921936,0.821638817139856,-1.3607657565952564,0.6,0.0,0.6579302549362183
1760251308.6261735,0.4542610238568257,0.792341271915434,-1.3607657565951654,0.6,0.0,0.6579302549362183
1760251308.7260664,0.460715002775332,0.7630437266917065,-1.3607657565950653,0.6,0.0,0.6505504250526428
1760251308.826527,0.4671689816941878,0.733746181468135,-1.3607657565949647,0.6,0.0,0.6505504250526428
1760251308.9260883,0.4736229606131997,0.7044486362445168,-1.3607657565948688,0.6,0.0,0.6240389943122864
1760251309.0260692,0.48007693953228403,0.6751510910208095,-1.3607657565947917,0.6,0.0,0.6240389943122864
1760251309.1260042,0.48653091845140606,0.6458535457970163,-1.3607657565947413,0.6,0.0,0.601576566696167
1760251309.2263658,0.492984897370559,0.6165560005731454,-1.3607657565947315,0.6,0.0,0.601576566696167
1760251309.3261373,0.4994388762897138,0.5872584553492786,-1.3607657565947322,0.6,0.0,0.5795674324035645
1760251309.426061,0.5058928552088588,0.5579609101254553,-1.360765756594736,0.6,0.0,0.5795674324035645
1760251309.526043,0.5123468341279847,0.5286633649017153,-1.3607657565947917,0.6,0.0,0.5781010389328003
1760251309.626412,0.5188008130470829,0.49936581967809074,-1.360765756594877,0.6,0.0,0.5781010389328003
1760251309.726411,0.5252547919661502,0.47006827445459554,-1.360765756594977,0.0,-0.5,0.5391767621040344
1760251309.826829,0.5271366699264928,0.46100567892604044,-1.3635181305612332,0.0,-0.5,0.5391767621040344
1760251309.926005,0.5269210530828667,0.45934265448310235,-1.377708749965718,0.6,0.0,0.5532208681106567
1760251310.0261145,0.5305654015668899,0.4402605717956682,-1.3799777826449384,0.6,0.0,0.5532208681106567
1760251310.1270072,0.5352773751104294,0.4167276333671415,-1.3799777826449882,0.0,-0.5,0.5428513884544373
1760251310.2269058,0.5378699903721746,0.40344559841698957,-1.3815799363132657,0.0,-0.5,0.5428513884544373
1760251310.3260567,0.5377852042011001,0.40134352999069195,-1.3938394612724048,0.6,0.0,0.5510412454605103
1760251310.4264085,0.5401002910415849,0.3868392825980032,-1.3991902374253562,0.6,0.0,0.5510412454605103
1760251310.526116,0.5454240496272277,0.3573153802372921,-1.3991902374253973,0.6,0.0,0.5522390604019165
1760251310.6261427,0.550747802184467,0.3277915113194644,-1.3991902374254281,0.6,0.0,0.5522390604019165
1760251310.7270033,0.5560715525351104,0.2982676546428471,-1.399190237425438,0.0,-0.5,0.5480289459228516
1760251310.826973,0.5581090874142745,0.28650396935118316,-1.4011874365739905,0.0,-0.5,0.5480289459228516
1760251310.9266834,0.5579203725156281,0.28457035576728307,-1.4141712067613208,0.0,-0.5,0.5394802093505859
1760251311.0270374,0.5569261499856445,0.2843902664903879,-1.4348232717689722,0.0,-0.5,0.5394802093505859
1760251311.1263256,0.555423885515719,0.2841950935373579,-1.4556044727660078,0.6,0.0,0.5711644291877747
1760251311.2260468,0.5569659382356035,0.267205247834894,-1.4596704027448426,0.6,0.0,0.5711644291877747
1760251311.3260224,0.5604954354143971,0.2374135870114972,-1.4596704027448435,0.6,0.0,0.5926960706710815
1760251311.426168,0.5640249320879501,0.20762193043725768,-1.4596704027448435,0.6,0.0,0.5926960706710815
1760251311.5260096,0.5675544285765801,0.17783027541825414,-1.459670402744844,0.6,0.0,0.5892112851142883
1760251311.626179,0.571083924997536,0.14803862096840453,-1.459670402744844,0.6,0.0,0.5892112851142883
1760251311.7260232,0.5746134213937343,0.11824696672676178,-1.459670402744844,0.6,0.0,0.5597591400146484
1760251311.8259907,0.5781429177808849,0.0884553125612064,-1.459670402744844,0.6,0.0,0.5597591400146484
1760251311.9263573,0.5816724141647377,0.058663658423391885,-1.459670402744844,0.0,-0.5,0.5455887317657471
1760251312.0273724,0.5825103220200882,0.050529975219540224,-1.4627586471624454,0.0,-0.5,0.5455887317657471
1760251312.1260943,0.5822478060369296,0.04908657353152483,-1.473531837570673,0.6,0.0,0.5559210777282715
1760251312.2263062,0.5833626358178271,0.03474214851722848,-1.4790860215320347,0.6,0.0,0.5559210777282715
1760251312.3261566,0.5863130852003873,0.004887532838870484,-1.4790860215320347,0.6,0.0,0.5821169018745422
1760251312.4260738,0.589263531229678,-0.02496704888855914,-1.479086021532042,0.6,0.0,0.5821169018745422
1760251312.5261173,0.5922139760315638,-0.054821618188854546,-1.4790860215320432,0.6,0.0,0.573564887046814
1760251312.626201,0.5951644203841767,-0.08467618294038841,-1.4790860215320445,0.6,0.0,0.573564887046814
1760251312.7262943,0.598114864572335,-0.11453074602685925,-1.4790860215320443,0.6,0.0,0.5638146996498108
1760251312.8261702,0.6010653087002881,-0.14438530850377332,-1.4790860215320443,0.6,0.0,0.5638146996498108
1760251312.9266303,0.6040157528061921,-0.1742398707574548,-1.4790860215320443,0.0,-0.5,0.5411242842674255
1760251313.0265312,0.6049629451408175,-0.18479750272704903,-1.4814459976810381,0.0,-0.5,0.5411242842674255
1760251313.1263797,0.6045910042622967,-0.18656629159548171,-1.4950331789270368,0.0,-0.5,0.5459981560707092
1760251313.2264113,0.6035752256738374,-0.18664849749417325,-1.515758427185902,0.0,-0.5,0.5459981560707092
1760251313.3261406,0.6020607861304692,-0.1867216571903588,-1.536539628199922,0.6,0.0,0.6051405668258667
1760251313.4260247,0.602359000109755,-0.20497578001292047,-1.5397708881050673,0.6,0.0,0.6051405668258667
1760251313.5261052,0.6034934050523455,-0.234954330916915,-1.5397708881050114,0.6,0.0,0.6289469003677368
1760251313.6259937,0.6046278098378497,-0.26493287771477286,-1.5397708881049643,0.6,0.0,0.6289469003677368
1760251313.7261472,0.6057622145658529,-0.2949114230095618,-1.5397708881049417,0.6,0.0,0.6259521842002869
1760251313.8259668,0.6068966192728055,-0.32488996775411333,-1.5397708881049268,0.6,0.0,0.6259521842002869
1760251313.9262717,0.6078041430325203,-0.34887280339691845,-1.5397708881049268,0.6,0.0,0.6133136749267578
1760251314.0260851,0.6089385477293084,-0.37885134787578356,-1.5397708881049268,0.6,0.0,0.6133136749267578
1760251314.126103,0.6100729524248367,-0.4088298923216856,-1.5397708881049292,0.6,0.0,0.6083862781524658
1760251314.2260838,0.6112073571199064,-0.4388084367555911,-1.5397708881049315,0.6,0.0,0.6083862781524658
1760251314.3259943,0.6123417618148115,-0.46878698118519696,-1.5397708881049614,0.6,0.0,0.5805586576461792
1760251314.4260745,0.6134761665096597,-0.49876552561334037,-1.5397708881050087,0.6,0.0,0.5805586576461792
1760251314.5260844,0.6146105712044929,-0.5287440700410703,-1.5397708881050578,0.6,0.0,0.5927332639694214
1760251314.6262832,0.61574497589932,-0.5587226144687657,-1.539770888105111,0.6,0.0,0.5927332639694214
1760251314.7262073,0.6168793805941528,-0.5887011588965526,-1.5397708881051693,0.6,0.0,0.5928823947906494
1760251314.8260634,0.6180137852889785,-0.6186797033244552,-1.5397708881052072,0.6,0.0,0.5928823947906494
1760251314.9261885,0.6191481899838177,-0.6486582477524441,-1.5397708881052072,0.6,0.0,0.6001430153846741
1760251315.0260432,0.6202825946786558,-0.6786367921805019,-1.5397708881052072,0.6,0.0,0.6001430153846741
1760251315.1259367,0.6214169993734917,-0.7086153366085548,-1.5397708881052057,0.6,0.0,0.5878781676292419
1760251315.2261293,0.6225514040683228,-0.7385938810365481,-1.5397708881052057,0.6,0.0,0.5878781676292419
1760251315.3261282,0.6236858087631499,-0.7685724254644408,-1.5397708881052043,0.6,0.0,0.5878781676292419
1760251315.425987,0.6248202134579773,-0.7985509698921938,-1.5397708881051921,0.6,0.0,0.5659523606300354
1760251315.5262268,0.6259546181527891,-0.8285295143197907,-1.5397708881051921,0.6,0.0,0.5659523606300354
1760251315.6259828,0.6270890228476059,-0.8585080587472166,-1.5397708881051633,0.6,0.0,0.5848155617713928
1760251315.7262568,0.6282234275424178,-0.8884866031744494,-1.5397708881051633,0.6,0.0,0.5848155617713928
1760251315.8262186,0.6293578322372143,-0.9184651476015222,-1.5397708881051633,0.6,0.0,0.5665588974952698
1760251315.9260907,0.6302653559930563,-0.9424479831430903,-1.5397708881051633,0.6,0.0,0.5665588974952698
1760251316.0260425,0.6313997606878444,-0.9724265275699541,-1.5397708881051633,0.6,0.0,0.565951943397522
1760251316.1262953,0.6325341653826356,-1.0024050719968136,-1.5397708881051633,0.6,0.0,0.565951943397522
1760251316.226209,0.633668570077427,-1.0323836164236806,-1.5397708881051633,0.6,0.0,0.5732775926589966
1760251316.3264904,0.634802974772225,-1.0623621608506064,-1.5397708881051637,0.6,0.0,0.5732775926589966
1760251316.4260316,0.6359373794670251,-1.0923407052776326,-1.539770888105193,0.6,0.0,0.566149115562439
1760251316.5261767,0.637071784161829,-1.1223192497048138,-1.5397708881052325,0.6,0.0,0.566149115562439
1760251316.6263971,0.6382061888566413,-1.1522977941321837,-1.539770888105245,0.0,-0.5,0.5221707224845886
1760251316.7268443,0.6384977704425224,-1.1626275666155599,-1.5422065537899838,0.0,-0.5,0.5221707224845886
1760251316.826605,0.6380114661761217,-1.1643416969634157,-1.5559140963460394,0.0,-0.5,0.4908618628978729
1760251316.9270751,0.6369838433143561,-1.16435939020911,-1.576650318791717,0.0,-0.5,0.4908618628978729
1760251317.0263586,0.6354574027622553,-1.1643401544014225,-1.5974315197653155,0.0,-0.5,0.492260217666626
1760251317.1269124,0.6334330642734135,-1.1642741480821734,-1.6182127207391077,0.0,-0.5,0.492260217666626
1760251317.2264574,0.6309122760867829,-1.1641406935671164,-1.6389939217134422,0.0,-0.5,0.49839478731155396
1760251317.326534,0.6278971661903585,-1.163919147006508,-1.6597751226884756,0.0,-0.5,0.49839478731155396
1760251317.4263613,0.6243905189833079,-1.1635889247748854,-1.680556323663952,0.0,-0.5,0.5118373036384583
1760251317.5269425,0.6212352157558637,-1.1632329151792264,-1.697181284593002,0.0,-0.5,0.5118373036384583
1760251317.6264632,0.6171403523324249,-1.1626938947671763,-1.7179624875112927,0.0,-0.5,0.5368077754974365
1760251317.7268448,0.6130575737804911,-1.1620699005916126,-1.7387436904302416,0.0,-0.5,0.5368077754974365
1760251317.826161,0.6089886432107118,-1.1613612021753201,-1.7595248933501502,0.6,0.0,0.5625141859054565
1760251317.926187,0.604967406669798,-1.1762643313027372,-1.7654039743256005,0.6,0.0,0.5625141859054565
1760251318.0260587,0.5993661539473751,-1.2057367926352676,-1.7654039743257575,0.6,0.0,0.5704918503761292
1760251318.1261058,0.5937649012340742,-1.235209253872308,-1.7654039743258934,0.6,0.0,0.5704918503761292
1760251318.2260368,0.5881636485241015,-1.264681715074445,-1.765403974325996,0.6,0.0,1.074851155281067
1760251318.3261387,0.5825623958153404,-1.294154176263828,-1.7654039743260546,0.6,0.0,1.074851155281067
1760251318.4260366,0.5769611431070204,-1.323626637448541,-1.7654039743260581,0.6,0.0,1.0891938209533691
1760251318.5261254,0.5713598903988687,-1.3530990986315221,-1.7654039743260301,0.6,0.0,1.0891938209533691
1760251318.6260288,0.5657586376907866,-1.382571559813826,-1.7654039743259442,0.6,0.0,1.1347098350524902
1760251318.7262676,0.5601573849827427,-1.4120440209958178,-1.765403974325822,0.6,0.0,1.1347098350524902
1760251318.826086,0.5545561322747334,-1.4415164821776258,-1.7654039743256758,0.6,0.0,1.1553285121917725
1760251318.926345,0.5489548795667563,-1.4709889433592838,-1.7654039743255154,0.6,0.0,1.1553285121917725
1760251319.0260034,0.5433536268588012,-1.5004614045408136,-1.7654039743253518,0.6,0.0,1.1586568355560303
1760251319.1259453,0.5377523741508636,-1.529933865722235,-1.765403974325204,0.6,0.0,1.1586568355560303
1760251319.226202,0.5321511214429566,-1.55940632690358,-1.7654039743250804,0.6,0.0,1.151342749595642
1760251319.3261466,0.5276701192766452,-1.5829842958485931,-1.765403974325009,0.6,0.0,1.151342749595642
1760251319.4260821,0.5220688665687678,-1.6124567570298012,-1.7654039743249803,0.6,0.0,1.1280168294906616
1760251319.5260613,0.5164676138608925,-1.6419292182110066,-1.7654039743249803,0.6,0.0,1.1280168294906616
1760251319.6261408,0.5108663611530087,-1.6714016793922544,-1.7654039743250134,0.6,0.0,1.1033132076263428
1760251319.7262645,0.5052651084451104,-1.700874140573563,-1.765403974325108,0.6,0.0,1.1033132076263428
1760251319.826112,0.4996638557371924,-1.7303466017549602,-1.7654039743252403,0.6,0.0,1.0778733491897583
1760251319.9261258,0.4940626030292513,-1.7598190629364563,-1.7654039743253922,0.6,0.0,1.0778733491897583
1760251320.0260856,0.48846135032128696,-1.789291524118054,-1.7654039743255603,0.6,0.0,1.1017961502075195
1760251320.126052,0.48286009761329807,-1.818763985299778,-1.7654039743257168,0.6,0.0,1.1017961502075195
1760251320.2260194,0.4772588449052841,-1.8482364464816294,-1.765403974325857,0.6,0.0,1.0473288297653198
1760251320.3260505,0.47165759219724235,-1.8777089076635598,-1.7654039743259637,0.6,0.0,1.0473288297653198
1760251320.4260197,0.46605633948919073,-1.9071813688455397,-1.765403974326027,0.6,0.0,1.0311259031295776
1760251320.525939,0.46045508678112995,-1.936653830027551,-1.7654039743260284,0.6,0.0,1.0311259031295776
1760251320.626178,0.4559740846146815,-1.960231798973146,-1.7654039743260237,0.6,0.0,1.0311449766159058
1760251320.7263196,0.45037283190663,-1.9897042601550996,-1.7654039743259573,0.6,0.0,1.0311449766159058
1760251320.826047,0.4447715791985987,-2.0191767213369807,-1.7654039743258498,0.6,0.0,1.0115630626678467
1760251320.9260375,0.43917032649058724,-2.0486491825187736,-1.765403974325707,0.6,0.0,1.0115630626678467
1760251321.0260496,0.433569073782592,-2.07812164370047,-1.7654039743255532,0.6,0.0,0.9984709024429321
1760251321.1261277,0.427967821074634,-2.107594104882037,-1.7654039743253844,0.6,0.0,0.9984709024429321
1760251321.2260523,0.4223665683666988,-2.1370665660634782,-1.76540397432523,0.5918459333390788,0.0,0.9823991656303406
1760251321.326028,0.41683306388100905,-2.166182552192994,-1.76540397432505,0.5772026025276425,0.0,0.9823991656303406
1760251321.4260159,0.4114309642368355,-2.1946071172614814,-1.7654039743248748,0.56291585650774,0.0,0.9656614065170288
1760251321.5260172,0.4061639040010782,-2.222321137041265,-1.7654039743247505,0.5489953178440957,0.0,0.9656614065170288
1760251321.6260364,0.4010284050827415,-2.2493429124209388,-1.765403974324673,0.535431786739357,0.0,0.9380854964256287
1760251321.7261422,0.39602106027989753,-2.2756903712876926,-1.7654039743246064,0.522216256687239,0.0,0.9380854964256287
1760251321.8260202,0.3911385491549792,-2.3013809849952307,-1.7654039743245888,0.5093399564648753,0.0,0.9375820755958557
1760251321.9259973,0.3863776357857085,-2.326431780197879,-1.7654039743245973,0.4967943441805096,0.0,0.9375820755958557
1760251322.0261247,0.38173516653410045,-2.350859350589562,-1.765403974324616,0.4845711013727981,0.0,0.9197564721107483
1760251322.126045,0.3772069267821572,-2.374685872489038,-1.765403974324641,0.47265912689003786,0.0,0.9197564721107483
1760251322.226305,0.3736747250341591,-2.3932714790188103,-1.7654039743246421,0.46337505346732266,0.0,0.9127843379974365
1760251322.326282,0.3693315895499938,-2.4161240262324046,-1.76540397432468,0.45196946548850186,0.0,0.9127843379974365
1760251322.4260044,0.365090968975647,-2.4384371643427807,-1.7654039743246857,0.440844448875701,0.0,0.8741509318351746
1760251322.5261009,0.36095680610323055,-2.460190147314429,-1.7654039743246805,0.4300103562732452,0.0,0.8741509318351746
1760251322.6261625,0.35692427291156653,-2.48140837904791,-1.7654039743246575,0.41945452551847423,0.0,0.885525107383728
1760251322.7261188,0.3529917358631102,-2.5021004548297383,-1.7654039743245848,0.4091726751389347,0.0,0.885525107383728
1760251322.8262866,0.349157538740755,-2.5222750892809045,-1.765403974324498,0.3991604597772419,0.0,0.8754922747612
1760251322.9260495,0.34541812212310513,-2.541951011231258,-1.7654039743244099,0.38940856924365247,0.0,0.8754922747612
1760251323.0263572,0.34177008374612045,-2.5611461225859733,-1.7654039743243233,0.3799081249996771,0.0,0.8652457594871521
1760251323.126073,0.3382119515553451,-2.579868168945916,-1.7654039743242385,0.37065528740741155,0.0,0.8652457594871521
1760251323.2263856,0.33474395416397534,-2.5981159474027544,-1.7654039743241559,0.3616506239034211,0.0,0.8512920141220093
1760251323.326103,0.33136106823643263,-2.615915889555022,-1.7654039743240735,0.352881063626329,0.28993713055229253,0.8512920141220093
1760251323.4262927,0.3282572959238887,-2.633371789953371,-1.7569585765685263,0.3442875274595877,0.0,0.8512920141220093
1760251323.5260034,0.3252148085627212,-2.6503459067445476,-1.7562032016990372,0.3359456882498275,0.29373988774619647,0.8466623425483704
1760251323.6262279,0.32243868225300715,-2.666985842564039,-1.7473162954246269,0.32777309038135216,0.2908838341436665,0.8466623425483704
1760251323.7259417,0.32021114102345305,-2.683254525356775,-1.735251573560305,0.31977316457777644,0.0,0.8541390299797058
1760251323.8260415,0.3177210561925804,-2.6990603125902797,-1.7349770409626932,0.3120275477591076,0.29055873426341106,0.8541390299797058
1760251323.9260728,0.315901456311758,-2.711471290938698,-1.7283305661353487,0.30594763157065297,0.2887289754798568,0.847926676273346
1760251324.026126,0.3141066984433201,-2.726733017857247,-1.7163318768413014,0.2984575511236099,0.0,0.847926676273346
1760251324.1261103,0.3121773930721915,-2.741603412257416,-1.71413999841475,0.29117972058625075,0.0,0.9045493006706238
1760251324.2261972,0.31018765941404336,-2.7560845639851728,-1.71413999841469,0.2841101819162251,0.2931678990744607,0.9045493006706238
1760251324.326052,0.3084147961470539,-2.77028849795681,-1.706605361013583,0.27717646765609805,0.29183390041088425,0.8966052532196045
1760251324.426222,0.30717040357951,-2.784155287315427,-1.694490465041458,0.27038569961574505,0.0,0.8966052532196045
1760251324.5261211,0.3056990788630375,-2.797642793776464,-1.6928804240850908,0.26380754243172183,0.28971564724749416,0.9015086889266968
1760251324.6261566,0.3043603365798763,-2.810860175605469,-1.6850415199201818,0.2573639055242611,0.0,0.9015086889266968
1760251324.726006,0.303034699350453,-2.823699150607161,-1.6836847159273658,0.2511166017073187,0.2934148522792965,0.9183537364006042
1760251324.8262813,0.30189457061203007,-2.8362908339113035,-1.6755365369185546,0.24498725245311292,0.2913133126347005,0.9183537364006042
1760251324.926098,0.30127464591242814,-2.8485685675459504,-1.663437058804273,0.23897974646499362,0.0,0.9189825057983398
1760251325.0261166,0.30031365157124223,-2.8605032943353788,-1.6625554975096712,0.23317758074188266,0.2898195130065348,0.9189825057983398
1760251325.1260104,0.2995356212256171,-2.8722095311938305,-1.6539922741872202,0.22748121911775282,0.0,0.9306017160415649
1760251325.2259784,0.29868588550535424,-2.883563330946895,-1.6535985736357233,0.22197350703981422,0.2937042952191252,0.9306017160415649
1760251325.326166,0.2981563828310166,-2.892487945100623,-1.6469101856960295,0.217637849853599,0.2917935520527123,0.9509066939353943
1760251325.4264328,0.2979546391438174,-2.9034281881990633,-1.634772923370417,0.2122872556379304,0.0,0.9509066939353943
1760251325.526207,0.29751725714815797,-2.9140914524275607,-1.6323123577207987,0.20710211965400677,0.2881908059127232,0.96673184633255
1760251325.6262171,0.29710644654556245,-2.9245424038367402,-1.625339503643854,0.202026020333723,0.0,0.96673184633255
1760251325.7261055,0.2967114638133211,-2.934684982055297,-1.623151821643286,0.1971069781323371,0.2917609935721716,1.0058766603469849
1760251325.826225,0.2964273748361888,-2.9446337051228535,-1.6158834092984213,0.1922785993074682,0.2905725185151697,1.0058766603469849
1760251325.9261806,0.2966385989211483,-2.954302462802228,-1.603808464884899,0.1875392038363879,0.2828477694000739,1.011101245880127
1760251326.0262892,0.2973471465673092,-2.9637345215976976,-1.59200973297073,0.182863737029644,0.274096364838532,1.011101245880127
1760251326.1263404,0.2985499772765339,-2.9729242190350926,-1.5805711869262764,0.17825242209718595,0.26430672930062804,1.0516763925552368
1760251326.7273505,0.3002441222443517,-2.9818675646374873,-1.5695326930417963,0.0,0.0,1.0516763925552368
